Advance_Purchase,Nightly_Rate,Temperature_Max,Temperature_Min,Precipitation,Snowfall,Wind_Speed
0,0.359,1.24,30.41,2.58,0.0,11.69
5,0.439,18.52,-3.02,26.57,5.57,93.98
5,0.439,11.96,-7.76,27.03,3.54,62.77
5,0.399,7.96,9.47,31.87,0.0,33.49
4,0.419,-5.32,34.28,36.3,2.41,13.93
1,0.499,-5.32,-2.9,48.79,9.22,79.4
6,0.299,-8.26,18.61,25.82,4.13,62.01
26,0.46900000000000003,15.99,23.08,16.15,7.29,53.35
5,0.439,8.03,-3.12,39.76,10.07,89.39
5,0.399,11.24,21.41,13.54,13.81,78.86
4,0.34900000000000003,-9.38,3.39,21.95,0.79,15.17
26,0.46900000000000003,19.1,16.62,3.92,0.0,31.17
1,0.419,14.97,16.68,1.27,0.0,24.85
2,0.399,-3.63,11.79,48.13,1.64,74.39
9,0.299,-4.55,-10.49,41.8,0.0,3.35
4,0.419,-4.5,26.77,34.8,18.42,56.99
26,0.46900000000000003,-0.87,1.04,20.45,1.22,76.25
5,0.399,5.74,-5.67,8.66,0.0,87.68
7,0.399,2.96,-12.96,7.82,16.12,34.21
4,0.379,-1.26,14.54,12.51,0.0,82.13
21,0.399,8.36,18.88,27.46,3.69,11.06
15,0.269,-5.82,-14.17,35.73,0.0,84.65
7,0.439,-1.24,10.6,33.01,7.41,12.75
15,0.299,0.99,-3.68,14.0,0.0,39.73
15,0.299,3.68,17.26,47.74,12.37,79.73
6,0.599,13.56,-6.28,36.89,0.0,14.99
28,0.519,-4.01,19.55,27.72,9.25,22.93
1,0.439,5.43,4.34,30.59,14.95,72.23
13,0.429,7.77,31.84,20.98,0.0,72.0
13,0.429,-8.61,-8.12,12.39,5.05,64.11
6,0.439,8.23,2.05,17.8,0.0,69.39
1,0.439,-4.88,-9.33,37.89,0.0,54.27
6,0.439,-8.05,31.23,0.72,10.23,25.18
8,0.439,18.47,28.87,5.8,0.0,34.57
5,0.499,18.97,-2.1,2.3,2.14,18.16
9,0.439,14.25,18.0,2.04,0.0,90.85
3,0.279,-0.86,25.86,42.77,10.65,58.34
30,0.315,-7.07,12.76,35.18,4.85,40.09
6,0.439,10.53,11.48,23.71,0.0,46.2
4,0.279,3.2,-2.91,4.89,0.0,94.73
11,0.429,-6.34,-10.34,24.58,0.4,15.34
11,0.429,4.86,29.86,23.67,0.0,58.62
11,0.429,-8.97,30.02,8.66,4.23,50.59
13,0.429,17.28,16.66,21.69,6.55,61.15
15,0.299,-2.24,1.95,19.93,2.4,1.81
9,0.399,9.88,2.46,30.79,17.81,87.21
6,0.439,-0.65,21.3,31.75,11.87,93.21
0,0.38566000000000006,5.6,29.86,2.27,13.58,56.51
2,0.599,6.4,29.35,18.73,0.0,69.67
5,0.34900000000000003,-4.45,23.99,31.29,0.0,92.25
9,0.299,19.09,17.1,25.16,0.0,70.72
22,0.369,13.25,-10.79,42.82,10.74,15.25
6,0.439,18.18,-6.92,32.93,11.74,57.63
3,0.399,16.84,29.93,8.15,0.0,60.67
6,0.439,7.94,15.32,3.53,0.0,42.41
4,0.369,17.66,-14.54,32.12,2.55,73.64
8,0.399,-7.35,-9.93,1.33,0.0,93.44
4,0.38566000000000006,-4.12,18.18,29.29,0.0,92.56
2,0.399,-8.64,-14.75,47.01,0.0,45.08
1,0.379,-0.24,-6.96,28.77,0.0,11.32
9,0.399,1.66,12.44,19.41,0.0,98.48
1,0.38566000000000006,-1.86,19.59,32.16,19.73,83.89
7,0.399,14.86,17.6,22.91,0.0,12.47
4,0.279,0.7,-3.79,27.28,0.0,92.08
2,0.399,-1.57,20.61,47.07,2.04,86.99
5,0.399,6.28,-3.14,19.31,3.06,51.88
4,0.279,-5.77,1.27,48.06,4.92,59.13
4,0.399,14.07,22.32,45.27,0.0,39.9
21,0.539,-7.76,17.48,9.79,0.0,5.48
6,0.329,19.61,27.46,3.47,5.7,33.52
6,0.319,13.17,17.88,5.04,3.47,80.29
6,0.439,-4.04,13.42,0.91,17.94,0.46
4,0.359,-9.83,-10.32,4.72,0.0,33.35
9,0.299,14.46,3.39,34.15,0.0,39.82
8,0.399,11.21,-1.74,3.56,0.0,53.74
38,0.299,11.87,-2.8,15.95,19.65,91.99
2,0.399,13.14,33.65,42.24,2.24,34.63
38,0.243,-7.78,4.65,1.16,7.96,34.7
0,0.299,0.75,29.6,40.72,19.39,73.75
32,0.309,-6.52,16.56,14.09,0.0,45.22
34,0.27,15.89,24.74,5.91,0.0,22.46
36,0.405,8.7,10.13,34.84,0.0,45.24
31,0.396,-0.07,13.85,31.45,0.0,14.09
3,0.329,-8.09,9.63,43.87,13.37,17.64
34,0.27,-0.67,-5.24,36.75,0.0,49.84
0,0.299,-0.24,21.12,40.17,0.0,41.89
23,0.399,11.89,-0.96,14.1,0.0,91.48
34,0.27,9.13,-13.78,8.87,5.6,36.24
0,0.329,16.62,17.27,37.53,15.39,58.06
37,0.299,4.17,-6.14,40.34,3.74,63.23
2,0.329,-6.41,32.02,49.53,0.0,1.31
0,0.289,11.4,32.7,20.63,0.0,66.35
2,0.309,12.82,30.74,18.6,10.15,17.8
1,0.329,6.84,3.51,38.82,0.0,96.11
27,0.399,13.13,-14.23,17.04,0.0,14.87
13,0.46900000000000003,4.81,31.42,46.54,12.21,41.46
3,0.299,5.68,6.41,42.92,5.77,8.53
3,0.329,2.83,33.33,21.45,0.0,99.69
0,0.299,-9.24,33.18,37.54,3.09,50.22
58,0.297,-6.76,27.65,37.73,0.0,59.54
25,0.34900000000000003,-9.06,-0.28,5.16,10.65,6.71
3,0.329,9.09,4.25,45.13,0.0,75.0
2,0.329,-0.57,27.56,25.26,6.73,20.99
27,0.399,5.26,0.85,41.32,2.69,89.81
36,0.579,17.23,-6.53,16.0,0.0,20.51
27,0.399,-2.52,12.84,44.78,19.8,19.07
27,0.399,2.31,31.81,19.46,6.45,3.65
13,0.299,12.67,19.8,0.54,16.2,47.21
2,0.329,-3.14,13.5,45.27,0.0,56.48
11,0.429,-7.69,-10.14,4.56,0.0,6.57
35,0.405,-1.31,15.75,15.97,0.0,77.55
12,0.299,-5.16,34.5,47.5,11.91,45.33
45,0.359,17.89,-8.0,47.53,9.43,52.44
32,0.405,14.24,10.92,28.67,8.24,44.08
13,0.46900000000000003,9.0,28.87,31.59,6.98,40.08
0,0.329,16.14,22.04,22.42,18.59,55.96
8,0.429,14.11,19.85,14.66,16.61,15.52
23,0.46900000000000003,-4.4,20.12,16.43,19.3,18.19
0,0.329,16.78,2.97,33.63,0.0,86.18
0,0.369,6.18,-0.32,37.62,14.62,94.61
29,0.449,14.22,25.47,39.58,18.77,37.33
8,0.429,16.88,25.51,39.48,0.0,27.07
25,0.299,-0.46,28.35,4.56,1.33,64.4
25,0.299,-6.7,30.66,24.72,0.0,40.87
19,0.369,-3.16,10.57,2.88,0.0,2.54
29,0.449,2.81,10.08,27.48,0.0,15.62
6,0.319,14.54,24.91,22.08,2.8,71.6
10,0.399,15.82,17.5,44.39,0.0,65.89
51,0.299,-9.79,20.1,17.55,4.03,2.71
11,0.289,5.32,24.79,5.85,3.27,22.2
0,0.329,2.52,29.5,7.15,3.29,23.11
38,0.297,-3.34,1.9,38.08,0.0,67.19
41,0.529,-6.4,3.78,30.91,13.3,1.97
40,0.369,0.13,-10.3,5.06,10.46,10.41
36,0.34900000000000003,18.29,13.91,4.21,0.0,79.99
27,0.359,-0.3,-13.2,35.05,17.54,17.85
36,0.34900000000000003,5.56,8.28,3.64,7.85,65.27
20,0.333,11.09,12.13,41.09,16.33,23.82
20,0.333,0.91,-0.67,35.31,8.78,9.94
27,0.315,19.15,14.54,4.07,7.54,24.32
7,0.359,18.87,-13.47,4.24,9.25,72.23
19,0.46900000000000003,-2.45,-13.13,49.33,0.0,85.57
0,0.329,4.92,26.13,18.71,14.95,83.02
19,0.429,-0.97,3.01,18.53,10.05,39.72
16,0.429,-1.45,-8.65,40.64,0.0,66.81
5,0.339,-8.89,11.11,47.36,17.99,20.5
38,0.499,8.29,23.5,49.3,0.0,29.31
43,0.399,5.08,-4.21,37.67,10.87,89.63
32,0.216,-8.46,16.14,18.81,18.13,1.3
37,0.324,-1.64,-10.73,4.18,12.48,8.55
102,0.28967000000000004,38.29,11.06,30.57,0.0,57.12
348,0.07332,11.62,33.8,33.92,7.09,74.54
270,0.20147,5.59,-8.72,15.88,0.0,37.9
106,0.11048999999999999,15.31,-14.15,42.41,0.0,30.28
71,0.07851999999999999,11.98,23.51,47.36,0.0,45.93
188,0.49548000000000003,-4.72,25.36,44.24,0.0,81.8
20,0.19506,22.04,-8.99,36.95,0.0,92.99
102,0.41444000000000003,0.8,-1.72,13.87,2.07,54.51
121,0.16459000000000001,20.98,-14.12,14.08,0.0,66.15
214,0.35668,22.51,-0.33,48.17,0.0,90.33
330,0.3921,-2.4,23.66,0.51,0.0,9.85
87,0.31804000000000004,-6.93,10.9,35.8,0.0,23.21
99,0.26221,29.04,2.4,35.31,0.0,70.89
359,0.23533,12.99,3.59,31.13,0.0,82.37
151,0.20699,-7.09,-14.93,49.51,0.0,85.7
130,0.46829000000000004,39.74,-0.01,15.59,0.0,41.51
149,0.42378,-7.11,17.32,17.0,0.0,8.93
308,0.48426,24.75,33.71,3.95,0.0,43.78
257,0.10593000000000001,39.18,27.35,22.14,0.0,23.07
343,0.37889,1.96,-13.82,13.05,0.0,29.12
293,0.47225,-2.89,29.93,17.17,0.0,77.23
191,0.13155,-3.93,24.16,41.73,8.46,7.55
276,0.07992,5.16,24.02,46.77,0.0,82.76
160,0.3835,-4.95,7.9,9.29,0.0,42.77
313,0.30851,24.61,4.9,18.63,0.0,59.61
21,0.42882,-6.89,0.15,46.43,12.87,8.97
252,0.11290000000000001,15.47,-11.72,3.09,0.0,33.74
235,0.40787,39.83,-3.59,4.62,0.0,8.97
344,0.14073,30.7,-2.67,8.14,0.0,96.15
48,0.12365000000000001,20.76,9.2,29.76,18.47,80.73
58,0.12392,5.31,22.37,7.52,16.43,45.96
169,0.41656,21.19,8.69,48.4,7.08,22.36
187,0.34934,16.35,-12.11,22.34,0.0,93.35
270,0.28538,11.3,32.89,25.08,0.0,34.46
189,0.21147,-3.46,32.14,12.33,0.0,16.1
174,0.44474,34.33,24.26,23.55,13.65,56.32
50,0.2266,12.49,34.57,33.1,0.0,94.38
363,0.41747000000000006,-0.27,12.22,37.56,0.0,0.38
54,0.24761000000000002,8.39,33.14,37.69,0.0,23.81
243,0.21962,10.71,-11.22,28.89,0.0,93.84
319,0.25821,31.38,3.28,45.22,0.0,17.11
130,0.18562,26.68,-3.73,40.87,11.39,11.32
306,0.38642000000000004,28.47,-5.21,37.85,16.65,57.02
134,0.27622,-9.45,-7.96,2.78,0.0,86.18
20,0.1545,10.81,16.12,0.34,0.0,47.71
328,0.45481,14.07,24.07,10.62,13.84,99.46
166,0.22275,-9.04,13.91,33.18,13.49,67.92
273,0.29460000000000003,2.99,-7.65,20.56,19.6,7.41
88,0.45791000000000004,28.01,25.56,20.12,0.0,99.28
315,0.33091000000000004,-3.14,16.8,44.23,0.0,40.79
13,0.1026,16.77,4.41,44.78,0.0,28.74
241,0.47292,0.76,18.71,45.46,0.0,55.79
264,0.33247000000000004,-9.39,-2.0,15.69,0.0,30.43
345,0.20071,2.06,2.26,34.55,0.0,8.65
52,0.11267,38.79,30.87,13.58,0.0,0.14
339,0.40731,30.08,-0.47,9.53,0.0,44.96
91,0.32903,37.98,8.5,9.23,12.61,83.69
263,0.29006,14.39,29.51,17.11,0.0,57.23
34,0.45225,-4.51,20.39,21.5,0.0,99.92
205,0.40487,17.4,-11.89,41.55,0.0,28.68
80,0.11825000000000001,12.72,-7.63,5.99,0.0,28.05
49,0.19027000000000002,32.22,-14.61,36.75,0.0,15.97
359,0.16182,-5.1,16.55,26.57,0.0,16.41
1,0.38477999999999996,14.41,7.38,14.4,0.0,28.52
53,0.06509000000000001,-2.5,-8.29,24.64,0.0,79.28
105,0.30645,6.23,32.9,15.0,0.0,90.58
259,0.39311,26.87,11.48,29.8,0.0,97.51
309,0.44454000000000005,13.8,-2.91,21.69,1.35,23.23
190,0.20394,8.79,10.03,8.22,0.0,88.13
217,0.41957,9.72,18.98,5.83,0.0,32.83
43,0.09978000000000001,12.97,-11.19,27.33,12.66,11.28
161,0.4309,29.25,-1.26,45.12,0.0,87.0
201,0.10737000000000001,34.6,25.35,17.2,0.0,63.61
269,0.22878,37.77,7.98,36.65,0.0,16.47
350,0.40878,29.35,12.33,32.93,0.0,42.98
303,0.11746,5.77,6.64,46.58,0.0,28.73
270,0.15316,24.41,-12.81,41.05,12.54,73.68
214,0.37501,11.88,-6.71,28.33,0.0,45.34
251,0.37401999999999996,2.73,7.28,32.85,0.0,98.93
189,0.33852,32.04,-4.54,44.92,0.0,5.47
295,0.36228,-8.08,-12.5,19.98,13.05,35.5
212,0.29423000000000005,35.09,27.18,16.34,8.1,48.19
207,0.16331,13.07,34.06,0.54,0.0,50.31
236,0.20556,21.86,24.66,41.33,0.0,31.59
337,0.13172,22.97,27.69,40.05,0.0,72.92
52,0.45880000000000004,34.76,-2.9,5.22,0.0,87.47
279,0.31253,21.83,33.03,28.84,0.0,93.87
216,0.23038,20.7,-5.15,23.2,0.0,80.51
251,0.25789999999999996,-6.67,32.57,5.94,0.0,85.06
187,0.47628,15.92,34.74,49.03,0.0,55.05
40,0.11901,-2.49,20.59,10.73,5.3,82.59
156,0.3138,26.87,34.06,3.36,0.0,30.35
14,0.27765,15.61,13.48,29.74,19.31,39.85
300,0.32515,24.01,-2.02,36.94,0.0,31.69
64,0.05815,-7.92,6.85,1.62,0.0,46.74
344,0.44245999999999996,-5.76,14.68,32.94,0.0,28.56
326,0.46945,25.82,-11.35,26.61,2.71,96.16
8,0.30431,-6.4,16.12,5.16,0.0,31.28
343,0.36349000000000004,-6.44,34.06,8.63,19.29,9.8
128,0.46512000000000003,-9.39,-5.49,28.4,0.0,52.68
135,0.36826,37.83,24.63,14.82,5.99,5.71
62,0.11864000000000001,26.88,30.39,46.92,2.0,11.05
138,0.30933,7.66,32.19,40.94,0.0,21.94
80,0.32302,4.83,33.01,49.18,16.32,46.44
162,0.24086000000000002,7.49,11.07,12.98,0.0,43.33
288,0.38139999999999996,28.73,33.87,48.49,0.0,79.97
260,0.47047000000000005,23.07,22.87,21.56,6.84,73.95
230,0.46651,-0.74,-6.92,17.38,0.0,42.63
40,0.25288,-1.29,8.85,2.52,0.0,33.37
27,0.10096,-5.08,20.92,2.64,0.0,31.65
134,0.49318,23.02,-2.63,34.6,3.33,77.4
200,0.4275,28.22,17.03,22.9,0.0,5.21
327,0.1061,3.25,18.33,11.33,16.42,1.28
267,0.46438,-8.95,-6.87,30.7,0.0,79.55
32,0.44145,-5.89,13.25,12.64,0.0,47.71
47,0.28348,38.39,23.58,28.88,0.0,13.09
61,0.31607,4.77,9.94,17.96,0.0,23.56
215,0.22955,28.46,-14.39,41.18,0.0,93.25
292,0.07464,21.23,-14.55,41.03,0.0,85.95
98,0.20084000000000002,9.1,2.85,23.87,9.93,70.98
171,0.41128,0.28,31.31,17.54,0.0,48.22
359,0.05208,-3.93,-3.57,18.13,0.0,52.03
213,0.20007,20.75,16.72,40.29,0.0,97.52
34,0.22918000000000002,28.73,-3.9,16.41,0.0,96.58
226,0.29183,22.2,1.08,10.45,0.0,21.53
100,0.46394,16.52,27.4,4.23,7.22,81.11
130,0.20586000000000002,-7.9,21.44,23.33,0.0,19.72
256,0.20613,38.42,-10.23,24.11,1.41,21.35
4,0.38188,29.94,6.44,42.05,0.0,67.61
217,0.2535,4.64,-13.54,11.06,0.0,40.5
254,0.15107,39.0,9.04,19.05,0.0,93.15
358,0.2536,20.09,18.12,40.42,0.0,8.9
282,0.11339,19.12,-9.07,41.18,0.0,51.15
206,0.12937,27.4,-0.56,19.23,8.64,91.85
14,0.27427,30.59,4.89,22.96,0.0,90.41
345,0.23852,22.82,30.98,15.16,11.91,15.65
41,0.46168000000000003,-3.6,34.66,46.63,0.0,36.66
178,0.21308000000000002,6.91,-12.75,5.93,0.0,61.91
62,0.31126,36.4,23.05,46.69,12.09,15.94
351,0.33452,1.23,3.59,34.19,0.0,96.8
230,0.05589,8.61,4.62,26.58,0.0,91.47
240,0.34858999999999996,11.6,22.71,1.63,0.0,16.7
51,0.13012,11.97,30.92,23.78,0.0,12.12
95,0.48248,20.65,32.55,20.39,0.33,8.54
221,0.1169,37.15,13.86,8.06,17.47,90.94
230,0.23658,2.03,2.86,32.82,0.0,19.36
236,0.08841,-3.92,24.38,48.56,0.0,41.63
142,0.49859,-0.13,-2.45,28.11,14.72,44.89
170,0.27599,34.35,13.2,35.74,0.0,59.9
28,0.31792000000000004,22.29,2.93,3.42,10.12,7.17
35,0.08018000000000002,4.3,17.83,20.88,0.0,22.68
12,0.38748000000000005,30.8,-2.98,5.82,0.0,93.15
159,0.14446,33.07,-5.42,30.64,0.0,90.84
326,0.45412,32.33,30.91,46.92,0.0,78.13
186,0.14231,35.95,-9.91,33.09,0.0,1.94
242,0.13581000000000001,2.61,10.3,3.84,15.25,32.7
85,0.06645000000000001,27.75,-3.96,17.73,2.88,62.8
283,0.26243,13.03,-13.05,27.53,0.0,27.52
65,0.30418,32.1,-13.2,20.16,0.0,90.96
169,0.07956999999999999,26.42,-6.24,41.68,0.0,63.39
44,0.39899,28.82,28.34,40.73,0.0,7.19
61,0.25398,22.81,-0.88,30.59,0.0,90.9
133,0.28598,-1.13,32.52,18.67,0.15,95.78
283,0.24834,17.25,14.08,12.77,0.0,7.77
27,0.23034000000000002,39.23,6.83,5.29,0.0,53.24
107,0.30184,36.87,14.0,17.74,0.0,30.34
43,0.11986000000000001,-7.84,10.83,20.66,0.0,39.28
339,0.13187000000000001,-1.76,22.94,33.79,4.66,17.97
285,0.4378,-3.41,-0.88,32.91,0.0,57.81
330,0.47575,26.3,2.65,3.51,0.0,95.8
127,0.21799000000000002,30.89,29.7,19.76,0.0,50.31
347,0.17184000000000002,0.68,32.32,9.09,4.73,8.29
230,0.3398,15.29,29.63,7.84,12.56,62.0
189,0.23393,32.04,5.97,41.37,0.0,34.02
224,0.06142,26.64,24.02,2.1,0.0,85.59
282,0.12027,17.11,8.82,20.96,0.0,43.47
120,0.37219,19.52,9.88,8.41,0.0,19.28
115,0.34652,15.42,-4.77,43.97,0.0,19.11
232,0.06219,4.88,14.56,27.85,0.0,76.88
258,0.14989,18.25,-5.69,11.57,0.0,26.56
358,0.15398,24.44,1.58,25.12,0.0,76.72
197,0.35235000000000005,33.67,27.75,36.57,0.0,20.59
136,0.05887,21.81,-4.65,47.91,0.0,32.17
317,0.09684999999999999,28.06,-11.44,11.02,19.91,46.55
164,0.40996,-2.0,-11.55,44.31,9.6,94.32
224,0.13035,13.08,32.04,46.72,0.0,93.17
306,0.34374,-9.53,10.35,45.82,0.0,20.69
233,0.15718000000000001,2.33,5.47,31.77,0.0,35.82
171,0.09475,26.32,25.54,31.49,16.02,14.94
151,0.15943000000000002,39.59,26.79,20.16,0.0,51.0
314,0.37501999999999996,-5.04,1.61,37.62,0.0,46.06
159,0.43506,10.07,19.68,26.56,11.72,90.08
95,0.42360000000000003,30.0,23.56,33.87,0.0,93.0
232,0.22873,0.2,17.73,21.42,0.0,38.36
179,0.35064,17.75,-7.42,36.57,0.0,49.17
112,0.14224,26.65,28.79,41.22,4.92,89.62
317,0.18192,20.8,11.95,7.32,18.3,80.67
51,0.45335000000000003,-0.6,-0.88,41.65,0.0,0.37
267,0.055850000000000004,7.77,6.26,27.01,19.05,32.01
294,0.08848,29.19,-13.12,42.23,0.0,42.18
112,0.14355,17.71,-8.61,21.57,12.63,22.97
100,0.06194,-9.74,23.28,18.95,0.0,19.96
112,0.13165000000000002,28.05,-15.0,45.75,2.59,3.78
80,0.31237000000000004,-8.23,5.83,12.56,0.0,64.34
186,0.23964,27.29,11.13,42.21,0.0,26.25
112,0.4517,0.12,-12.27,24.2,12.46,5.23
1,0.41785000000000005,37.9,33.65,25.7,0.0,23.1
129,0.20382,8.4,-3.69,15.42,0.0,80.19
219,0.16674,6.35,0.21,28.65,0.0,85.15
53,0.22086000000000003,-2.56,0.2,16.26,0.0,48.31
342,0.31563,5.28,-3.48,1.96,0.0,41.61
223,0.17063,33.83,-14.93,13.6,0.0,97.79
224,0.33087,39.82,21.47,0.32,0.0,20.06
125,0.23424,8.42,33.34,48.92,8.38,21.54
129,0.29842,12.43,-3.79,48.29,10.35,29.19
52,0.24626,26.1,18.15,19.76,0.0,17.28
171,0.18251,34.31,22.09,36.42,0.0,37.94
217,0.4768,19.65,27.42,17.29,0.0,91.08
159,0.39362,9.58,6.13,33.55,0.0,61.53
197,0.11305,10.63,0.15,40.27,0.0,41.19
246,0.44081000000000004,24.78,1.26,47.34,0.0,93.44
323,0.26933999999999997,-9.84,20.63,20.01,0.0,4.85
202,0.45255,20.98,25.84,39.16,0.0,21.03
183,0.40993,7.77,-5.92,13.3,0.0,56.59
122,0.24135,29.71,3.55,49.52,4.91,61.56
254,0.060110000000000004,-5.35,30.1,1.29,0.0,3.96
293,0.1709,19.41,25.33,30.18,0.0,40.3
279,0.29374,14.05,34.24,32.98,0.0,64.92
324,0.33507,22.12,22.71,34.4,0.0,69.81
97,0.16605,-6.76,4.66,6.02,0.0,63.81
197,0.11270999999999999,19.0,14.53,46.93,0.0,32.06
239,0.42572000000000004,18.07,18.05,9.06,0.0,9.35
143,0.49298000000000003,18.03,-11.08,31.14,0.0,42.71
96,0.28656,20.17,12.22,11.13,0.0,12.88
200,0.12726,23.82,20.47,15.36,0.0,94.76
123,0.17254,30.25,-6.63,27.32,0.0,47.52
186,0.058280000000000005,3.49,24.03,20.86,0.0,31.73
325,0.46143,31.25,14.19,8.01,0.0,76.63
348,0.10299,14.91,32.61,8.55,0.0,49.79
258,0.30943000000000004,-6.15,-12.88,20.91,0.0,31.0
147,0.17332,-7.07,-1.73,37.86,0.0,81.2
251,0.29938,6.71,15.08,44.9,0.0,86.72
345,0.34314,29.24,-0.17,4.21,0.0,67.3
146,0.42338,25.38,20.72,19.66,0.0,4.7
147,0.14289,29.43,22.95,5.01,0.0,56.63
351,0.054950000000000006,15.86,-9.87,0.83,0.0,76.33
198,0.11159999999999999,12.01,10.69,33.09,0.0,13.65
307,0.45501,-2.63,10.44,30.12,0.0,22.87
127,0.44325000000000003,6.41,3.46,8.15,0.0,88.25
38,0.31883999999999996,11.7,31.65,11.69,0.0,2.01
337,0.32023,-5.57,26.38,1.19,0.0,75.27
359,0.34926999999999997,1.03,19.86,41.75,3.19,47.38
128,0.12891999999999998,19.91,20.72,48.73,0.0,44.68
266,0.46149,26.78,8.09,6.77,0.0,0.71
150,0.23845,39.92,31.05,11.57,0.0,81.94
297,0.22241,36.66,19.73,43.42,0.0,35.98
98,0.28351,22.13,21.45,46.32,0.0,54.08
262,0.07113,11.06,28.08,20.98,0.0,67.73
251,0.12483,21.81,-1.3,2.53,15.39,70.26
143,0.38212,29.28,25.35,1.97,0.0,95.6
345,0.08726,-4.08,-5.24,28.7,0.0,53.13
111,0.32142000000000004,10.5,2.27,19.64,0.0,39.97
59,0.16041,31.99,1.78,1.43,0.0,95.37
1,0.22518000000000002,9.19,33.93,29.16,0.0,64.21
303,0.17991,18.59,27.83,0.57,0.0,29.82
253,0.21005000000000001,19.39,20.06,39.37,0.0,12.65
139,0.37357,-0.78,21.35,15.32,0.0,84.26
36,0.1837,8.11,13.1,2.01,0.0,36.22
159,0.30488,6.73,32.35,29.42,0.0,66.05
8,0.26422,-8.69,9.81,19.88,0.0,47.08
232,0.34864999999999996,-8.79,4.03,48.69,0.0,19.89
98,0.47157,31.58,-6.85,27.21,0.0,60.17
146,0.37966000000000005,3.65,24.31,13.76,0.0,6.07
303,0.14672,15.9,21.72,35.47,0.0,41.33
207,0.06403,4.94,4.22,13.57,0.0,54.66
130,0.16802,37.03,-13.74,45.21,0.0,43.6
151,0.31779,2.96,26.95,18.74,1.0,74.87
53,0.07314,11.48,-14.43,27.49,0.0,82.79
119,0.27336,33.64,20.18,2.53,10.75,77.12
160,0.31858,32.1,33.51,21.31,11.52,3.88
115,0.20041,-0.69,6.88,41.62,0.0,19.41
74,0.39691000000000004,30.13,-3.25,40.28,0.0,53.66
112,0.09797,12.91,20.24,11.22,0.0,93.48
103,0.08381000000000001,14.15,25.86,11.3,0.0,83.5
339,0.37768,-3.33,12.32,40.87,0.0,84.25
253,0.27297000000000005,-5.97,33.35,46.52,0.28,30.32
226,0.35978,26.4,-12.42,4.77,0.0,42.94
111,0.24567,14.82,10.24,22.5,0.0,47.07
98,0.16088,11.84,20.92,16.87,0.0,15.74
152,0.4186,26.48,28.13,43.53,0.0,3.11
348,0.40974,28.28,-6.04,4.18,0.0,94.69
337,0.36261000000000004,-2.05,25.0,10.56,0.0,24.07
193,0.17247,20.51,12.64,37.62,0.0,23.99
309,0.31560000000000005,-3.23,4.83,2.56,0.0,8.34
162,0.21244,27.57,-8.41,24.63,1.44,92.85
207,0.09121,22.85,28.26,22.11,0.0,57.97
168,0.46279000000000003,37.83,-7.14,16.72,10.06,66.7
160,0.11156999999999999,-6.55,0.49,19.73,0.0,91.16
67,0.47761000000000003,-7.15,-0.5,26.5,0.0,34.56
288,0.2507,4.11,28.57,8.07,0.0,62.15
276,0.13331,3.09,18.64,28.6,0.0,3.88
303,0.29386,2.35,24.83,40.27,0.0,18.68
134,0.44283,35.31,-2.48,38.01,0.0,83.12
194,0.3795,2.48,16.24,7.69,0.0,76.68
127,0.41295,3.6,13.59,7.46,0.0,35.06
32,0.34645,27.97,26.64,13.41,19.25,37.68
175,0.36152,12.49,30.3,18.05,0.0,53.36
21,0.43213999999999997,28.84,-14.39,20.42,0.0,0.02
237,0.16235,-6.73,18.7,33.98,12.54,24.12
157,0.27024000000000004,14.38,-12.41,2.83,0.0,20.82
37,0.14954,-8.32,12.44,1.73,16.07,25.05
229,0.49445,-6.87,-0.62,19.6,0.0,80.59
364,0.47483,35.32,0.34,34.86,0.0,27.97
50,0.06774,-3.04,2.65,9.67,0.0,19.15
263,0.36751,16.62,16.06,32.08,9.1,50.43
282,0.46636,10.55,1.7,12.99,0.0,86.56
26,0.13126,7.37,21.63,44.3,2.65,24.13
225,0.30557999999999996,34.99,5.23,44.78,0.0,7.85
276,0.46197000000000005,-8.91,-11.58,14.86,0.0,35.64
285,0.06528,23.19,24.19,11.5,0.0,74.77
96,0.36384,38.17,-0.71,20.57,0.0,55.07
283,0.18381,18.01,6.64,12.03,0.0,81.68
316,0.46598,36.84,19.27,33.62,0.0,95.96
303,0.48698,-7.39,1.62,41.3,0.0,79.27
146,0.47492,10.94,-12.17,33.65,0.0,60.38
3,0.26339999999999997,3.01,3.7,41.22,0.0,49.33
34,0.43792000000000003,26.54,32.22,19.85,0.0,4.01
191,0.43005000000000004,39.06,17.09,7.82,2.58,98.43
48,0.1936,2.83,18.57,36.9,0.0,38.35
16,0.42301,22.71,16.61,18.02,2.02,15.22
171,0.06665,-0.1,-5.05,33.56,0.0,66.67
219,0.31832,18.27,5.92,13.53,0.0,28.43
157,0.1535,13.2,22.55,4.06,0.0,58.58
45,0.10426,38.6,-9.93,49.63,0.0,58.68
5,0.08463,20.43,-1.11,7.81,12.78,44.57
98,0.36333,7.48,-1.18,49.42,0.0,83.61
232,0.20294,-4.3,6.6,48.86,0.0,26.5
36,0.37615,-2.44,34.02,39.69,0.0,44.86
279,0.07941,1.27,-11.62,32.97,0.0,53.77
348,0.19188,2.55,10.94,28.89,0.0,66.36
301,0.29277,32.53,-6.03,43.31,0.0,78.4
180,0.40582999999999997,18.06,33.53,14.47,0.0,39.48
94,0.19344,16.17,-9.33,23.38,8.55,64.6
98,0.33165,-4.26,5.18,30.97,0.0,15.06
187,0.44869000000000003,33.01,21.89,20.56,0.0,93.26
115,0.32714,26.14,20.23,21.37,0.0,38.31
190,0.15483000000000002,-6.62,6.14,16.51,0.0,72.95
252,0.06098,25.39,2.33,28.21,0.0,2.03
160,0.44154000000000004,17.18,4.88,42.53,0.0,20.52
255,0.059570000000000005,-5.91,-1.79,10.08,0.0,48.71
0,0.329,0.28,-1.72,3.42,10.12,26.56
5,0.27,-3.93,-14.12,20.88,0.0,76.72
5,0.299,20.75,-0.33,5.82,0.0,20.59
5,0.399,28.73,23.66,30.64,0.0,32.17
4,0.27,22.2,10.9,46.92,0.0,46.55
1,0.329,16.52,2.4,33.09,0.0,94.32
6,0.299,-7.9,3.59,3.84,15.25,93.17
26,0.329,38.42,-14.93,17.73,2.88,20.69
5,0.289,29.94,-0.01,27.53,0.0,35.82
5,0.309,4.64,17.32,20.16,0.0,14.94
4,0.329,39.0,33.71,41.68,0.0,51.0
26,0.399,20.09,27.35,40.73,0.0,46.06
1,0.46900000000000003,19.12,-13.82,30.59,0.0,90.08
2,0.299,27.4,29.93,18.67,0.15,93.0
9,0.329,30.59,24.16,12.77,0.0,38.36
4,0.299,22.82,24.02,5.29,0.0,49.17
26,0.297,-3.6,7.9,17.74,0.0,89.62
5,0.34900000000000003,6.91,4.9,20.66,0.0,80.67
7,0.329,36.4,0.15,33.79,4.66,0.37
4,0.329,1.23,-11.72,32.91,0.0,32.01
21,0.399,8.61,-3.59,3.51,0.0,42.18
15,0.579,11.6,-2.67,19.76,0.0,22.97
7,0.399,11.97,9.2,9.09,4.73,19.96
15,0.399,20.65,22.37,7.84,12.56,3.78
15,0.299,37.15,8.69,41.37,0.0,64.34
6,0.329,2.03,-12.11,2.1,0.0,26.25
28,0.429,-3.92,32.89,20.96,0.0,5.23
1,0.405,-0.13,32.14,8.41,0.0,23.1
13,0.299,34.35,24.26,43.97,0.0,80.19
13,0.359,22.29,34.57,27.85,0.0,85.15
6,0.405,4.3,12.22,11.57,0.0,48.31
1,0.46900000000000003,30.8,33.14,25.12,0.0,41.61
6,0.329,33.07,-11.22,36.57,0.0,97.79
8,0.429,32.33,3.28,47.91,0.0,20.06
5,0.46900000000000003,35.95,-3.73,11.02,19.91,21.54
9,0.329,2.61,-5.21,44.31,9.6,29.19
3,0.369,27.75,-7.96,46.72,0.0,17.28
30,0.449,13.03,16.12,45.82,0.0,37.94
6,0.429,32.1,24.07,31.77,0.0,91.08
4,0.299,26.42,13.91,31.49,16.02,61.53
11,0.299,28.82,-7.65,20.16,0.0,41.19
11,0.369,22.81,25.56,37.62,0.0,93.44
11,0.449,-1.13,16.8,26.56,11.72,4.85
13,0.319,17.25,4.41,33.87,0.0,21.03
15,0.399,39.23,18.71,21.42,0.0,56.59
9,0.299,36.87,-2.0,36.57,0.0,61.56
6,0.289,-7.84,2.26,41.22,4.92,3.96
0,0.329,-1.76,30.87,7.32,18.3,40.3
2,0.297,-3.41,-0.47,41.65,0.0,64.92
5,0.529,26.3,8.5,27.01,19.05,69.81
9,0.369,30.89,29.51,42.23,0.0,63.81
22,0.34900000000000003,0.68,20.39,21.57,12.63,32.06
6,0.359,15.29,-11.89,18.95,0.0,9.35
3,0.34900000000000003,32.04,-7.63,45.75,2.59,42.71
6,0.333,26.64,-14.61,12.56,0.0,12.88
4,0.333,17.11,16.55,42.21,0.0,94.76
8,0.315,19.52,7.38,24.2,12.46,47.52
4,0.359,15.42,-8.29,25.7,0.0,31.73
2,0.46900000000000003,4.88,32.9,15.42,0.0,76.63
1,0.329,18.25,11.48,28.65,0.0,49.79
9,0.429,24.44,-2.91,16.26,0.0,31.0
1,0.429,33.67,10.03,1.96,0.0,81.2
7,0.339,21.81,18.98,13.6,0.0,86.72
4,0.499,28.06,-11.19,0.32,0.0,67.3
2,0.399,-2.0,-1.26,48.92,8.38,4.7
5,0.216,13.08,25.35,48.29,10.35,56.63
4,0.324,-9.53,7.98,19.76,0.0,76.33
4,0.28967000000000004,2.33,12.33,36.42,0.0,13.65
21,0.07332,26.32,6.64,17.29,0.0,22.87
6,0.20147,39.59,-12.81,33.55,0.0,88.25
6,0.11048999999999999,-5.04,-6.71,40.27,0.0,2.01
6,0.07851999999999999,10.07,7.28,47.34,0.0,75.27
4,0.49548000000000003,30.0,-4.54,20.01,0.0,47.38
9,0.19506,0.2,-12.5,39.16,0.0,44.68
8,0.41444000000000003,17.75,27.18,13.3,0.0,0.71
38,0.16459000000000001,26.65,34.06,49.52,4.91,81.94
2,0.35668,20.8,24.66,1.29,0.0,35.98
38,0.3921,-0.6,27.69,30.18,0.0,54.08
0,0.31804000000000004,7.77,-2.9,32.98,0.0,67.73
32,0.26221,29.19,33.03,34.4,0.0,70.26
34,0.23533,17.71,-5.15,6.02,0.0,95.6
36,0.20699,-9.74,32.57,46.93,1.0,53.13
31,0.46829000000000004,28.05,34.74,9.06,1.0,39.97
3,0.42378,-8.23,20.59,31.14,1.0,95.37
34,0.48426,27.29,34.06,11.13,1.0,64.21
0,0.10593000000000001,0.12,13.48,15.36,1.0,29.82
23,0.37889,37.9,-2.02,27.32,1.0,12.65
34,0.47225,8.4,6.85,20.86,1.0,84.26
0,0.13155,6.35,14.68,8.01,1.0,36.22
37,0.07992,-2.56,-11.35,8.55,1.0,66.05
2,0.3835,5.28,16.12,20.91,1.0,47.08
0,0.30851,33.83,34.06,37.86,1.0,19.89
2,0.42882,39.82,-5.49,44.9,1.0,60.17
1,0.11290000000000001,8.42,24.63,4.21,1.0,6.07
27,0.40787,12.43,30.39,19.66,1.0,41.33
13,0.14073,26.1,32.19,5.01,1.0,54.66
3,0.12365000000000001,34.31,33.01,0.83,0.0,43.6
3,0.12392,19.65,11.07,33.09,0.0,74.87
0,0.41656,9.58,33.87,30.12,0.0,82.79
58,0.34934,10.63,22.87,8.15,0.0,77.12
25,0.28538,24.78,-6.92,43.42,2.0,93.35
3,0.21147,-9.84,8.85,46.32,3.0,34.46
2,0.44474,20.98,20.92,20.98,22.0,16.1
27,0.2266,7.77,-2.63,2.53,14.0,56.32
36,0.41747000000000006,29.71,17.03,1.97,0.0,94.38
27,0.24761000000000002,-5.35,18.33,28.7,15.25,0.38
27,0.21962,19.41,-6.87,19.64,2.88,23.81
13,0.25821,14.05,13.25,1.43,0.0,93.84
2,0.18562,22.12,23.58,29.16,0.0,17.11
11,0.38642000000000004,-6.76,9.94,0.57,0.0,11.32
35,0.27622,19.0,-14.39,39.37,0.0,57.02
12,0.1545,18.07,-14.55,15.32,0.0,86.18
45,0.45481,18.03,2.85,2.01,0.15,47.71
32,0.22275,20.17,31.31,29.42,0.0,99.46
13,0.29460000000000003,23.82,-3.57,19.88,0.0,67.92
0,0.45791000000000004,30.25,16.72,48.69,0.0,7.41
8,0.33091000000000004,3.49,-3.9,27.21,0.0,99.28
23,0.1026,31.25,1.08,13.76,4.66,40.79
0,0.47292,14.91,27.4,35.47,0.0,28.74
0,0.33247000000000004,-6.15,21.44,13.57,0.0,55.79
29,0.20071,-7.07,-10.23,45.21,0.0,30.43
8,0.11267,6.71,6.44,18.74,4.73,8.65
25,0.40731,29.24,-13.54,27.49,12.56,0.14
25,0.32903,25.38,9.04,2.53,0.0,44.96
19,0.29006,29.43,18.12,21.31,0.0,83.69
29,0.45225,15.86,-9.07,41.62,0.0,57.23
6,0.40487,12.01,-0.56,40.28,0.0,99.92
10,0.11825000000000001,-2.63,4.89,11.22,0.0,28.68
51,0.19027000000000002,6.41,30.98,11.3,0.0,28.05
11,0.16182,11.7,34.66,40.87,0.0,15.97
0,0.38477999999999996,-5.57,-12.75,46.52,0.0,16.41
38,0.06509000000000001,1.03,23.05,4.77,0.0,28.52
41,0.30645,19.91,3.59,22.5,0.0,79.28
40,0.39311,26.78,4.62,16.87,19.91,90.58
36,0.44454000000000005,39.92,22.71,43.53,9.6,97.51
27,0.20394,36.66,30.92,4.18,0.0,23.23
36,0.41957,22.13,32.55,10.56,0.0,88.13
20,0.09978000000000001,11.06,13.86,37.62,0.0,32.83
20,0.4309,21.81,2.86,2.56,16.02,11.28
27,0.10737000000000001,29.28,24.38,24.63,0.0,87.0
7,0.22878,-4.08,-2.45,22.11,0.0,63.61
19,0.40878,10.5,13.2,16.72,11.72,16.47
0,0.11746,31.99,2.93,19.73,0.0,42.98
19,0.15316,9.19,17.83,26.5,0.0,28.73
16,0.37501,18.59,-2.98,8.07,0.0,73.68
5,0.37401999999999996,19.39,-5.42,28.6,4.92,45.34
38,0.33852,-0.78,30.91,40.27,18.3,98.93
43,0.36228,8.11,-9.91,38.01,0.0,5.47
32,0.29423000000000005,6.73,10.3,7.69,19.05,35.5
37,0.16331,-8.69,-3.96,7.46,0.0,48.19
102,0.20556,-8.79,-13.05,13.41,12.63,50.31
348,0.13172,31.58,-13.2,18.05,0.0,31.59
270,0.45880000000000004,3.65,-6.24,20.42,2.59,72.92
106,0.31253,15.9,28.34,33.98,0.0,87.47
71,0.23038,4.94,-0.88,2.83,0.0,93.87
188,0.25789999999999996,37.03,32.52,1.73,12.46,80.51
20,0.47628,2.96,14.08,19.6,0.0,85.06
102,0.11901,11.48,6.83,34.86,0.0,55.05
121,0.3138,33.64,14.0,9.67,0.0,82.59
214,0.27765,32.1,10.83,32.08,0.0,30.35
330,0.32515,-0.69,22.94,12.99,0.0,39.85
87,0.05815,30.13,-0.88,44.3,0.0,31.69
99,0.44245999999999996,12.91,2.65,44.78,0.0,46.74
359,0.46945,14.15,29.7,14.86,8.38,28.56
151,0.30431,-3.33,32.32,11.5,10.35,96.16
130,0.36349000000000004,-5.97,29.63,20.57,0.0,31.28
149,0.46512000000000003,26.4,5.97,12.03,0.0,9.8
308,0.36826,14.82,24.02,33.62,0.0,52.68
257,0.11864000000000001,11.84,8.82,41.3,0.0,5.71
343,0.30933,26.48,9.88,33.65,0.0,11.05
293,0.32302,28.28,-4.77,41.22,0.0,21.94
191,0.24086000000000002,-2.05,14.56,19.85,0.0,46.44
276,0.38139999999999996,20.51,-5.69,7.82,0.0,43.33
160,0.47047000000000005,-3.23,1.58,36.9,0.0,79.97
313,0.46651,27.57,27.75,18.02,4.91,73.95
21,0.25288,22.85,-4.65,33.56,0.0,42.63
252,0.10096,37.83,-11.44,13.53,0.0,33.37
235,0.49318,-6.55,-11.55,4.06,0.0,31.65
344,0.4275,-7.15,32.04,49.63,0.0,77.4
48,0.1061,4.11,10.35,7.81,0.0,5.21
58,0.46438,3.09,5.47,49.42,0.0,1.28
169,0.44145,2.35,25.54,48.86,0.0,79.55
187,0.28348,35.31,26.79,39.69,0.0,47.71
270,0.31607,2.48,1.61,32.97,0.0,13.09
189,0.22955,3.6,19.68,28.89,0.0,23.56
174,0.07464,27.97,23.56,43.31,0.0,93.25
50,0.20084000000000002,12.49,17.73,14.47,0.0,85.95
363,0.41128,28.84,-7.42,23.38,0.0,70.98
54,0.05208,-6.73,28.79,30.97,0.0,48.22
243,0.20007,14.38,11.95,20.56,0.0,52.03
319,0.22918000000000002,-8.32,-0.88,21.37,0.0,97.52
130,0.29183,-6.87,6.26,16.51,0.0,96.58
306,0.46394,35.32,-13.12,28.21,0.0,21.53
134,0.20586000000000002,-3.04,-8.61,42.53,0.0,81.11
20,0.20613,16.62,23.28,10.08,0.0,19.72
328,0.38188,10.55,-15.0,3.42,0.0,21.35
166,0.2535,7.37,5.83,20.88,0.0,67.61
273,0.15107,34.99,11.13,5.82,0.0,40.5
88,0.2536,-8.91,-12.27,30.64,0.0,93.15
315,0.11339,23.19,33.65,46.92,0.0,8.9
13,0.12937,-5.77,-3.69,4.24,0.0,51.15
241,0.27427,14.07,0.21,49.33,3.19,91.85
264,0.23852,-7.76,0.2,18.71,0.0,90.41
345,0.46168000000000003,19.61,-3.48,18.53,0.0,15.65
52,0.21308000000000002,13.17,-14.93,40.64,0.0,36.66
339,0.31126,-4.04,21.47,47.36,0.0,61.91
91,0.33452,-9.83,33.34,49.3,0.0,15.94
263,0.05589,14.46,-3.79,37.67,0.0,96.8
34,0.34858999999999996,11.21,18.15,18.81,15.39,91.47
205,0.13012,11.87,22.09,4.18,0.0,16.7
80,0.48248,13.14,27.42,30.57,0.0,12.12
49,0.1169,-7.78,6.13,33.92,0.0,8.54
359,0.23658,0.75,0.15,15.88,0.0,90.94
1,0.08841,-6.52,1.26,42.41,0.0,19.36
53,0.49859,15.89,20.63,47.36,0.0,41.63
105,0.27599,8.7,25.84,44.24,0.0,44.89
259,0.31792000000000004,-0.07,-5.92,36.95,0.0,59.9
309,0.08018000000000002,-8.09,3.55,13.87,0.0,7.17
190,0.38748000000000005,-0.67,30.1,14.08,0.0,22.68
217,0.14446,-0.24,25.33,48.17,0.0,93.15
43,0.45412,11.89,34.24,0.51,0.0,90.84
161,0.14231,9.13,22.71,35.8,0.0,78.13
201,0.13581000000000001,16.62,4.66,35.31,0.0,1.94
269,0.06645000000000001,4.17,14.53,31.13,0.0,32.7
350,0.26243,-6.41,18.05,49.51,0.0,62.8
303,0.30418,11.4,-11.08,15.59,0.0,27.52
270,0.07956999999999999,12.82,12.22,17.0,1.0,90.96
214,0.39899,6.84,20.47,3.95,0.0,63.39
251,0.25398,13.13,-6.63,22.14,10.75,7.19
189,0.28598,4.81,24.03,13.05,11.52,90.9
295,0.24834,5.68,14.19,17.17,0.0,95.78
212,0.23034000000000002,2.83,32.61,41.73,0.0,7.77
207,0.30184,-9.24,-12.88,46.77,0.0,53.24
236,0.11986000000000001,-6.76,-1.73,9.29,0.0,30.34
337,0.13187000000000001,-9.06,15.08,18.63,0.0,39.28
52,0.4378,9.09,-0.17,46.43,0.28,17.97
279,0.47575,-0.57,20.72,3.09,0.0,57.81
216,0.21799000000000002,5.26,22.95,4.62,0.0,95.8
251,0.17184000000000002,17.23,-9.87,8.14,0.0,50.31
187,0.3398,-2.52,10.69,29.76,0.0,8.29
40,0.23393,2.31,10.44,7.52,0.0,62.0
156,0.06142,12.67,3.46,48.4,0.0,34.02
14,0.12027,-3.14,31.65,22.34,0.0,85.59
300,0.37219,-7.69,26.38,25.08,0.0,43.47
64,0.34652,-1.31,19.86,12.33,1.44,19.28
344,0.06219,-5.16,20.72,23.55,0.0,19.11
326,0.14989,17.89,8.09,33.1,10.06,76.88
8,0.15398,14.24,31.05,37.56,0.0,26.56
343,0.35235000000000005,9.0,19.73,37.69,0.0,76.72
128,0.05887,16.14,21.45,28.89,0.0,20.59
135,0.09684999999999999,14.11,28.08,45.22,0.0,32.17
62,0.40996,-4.4,-1.3,40.87,0.0,46.55
138,0.13035,16.78,25.35,37.85,0.0,94.32
80,0.34374,6.18,-5.24,2.78,0.0,93.17
162,0.15718000000000001,14.22,2.27,0.34,0.0,20.69
288,0.09475,16.88,1.78,10.62,19.25,35.82
260,0.15943000000000002,-0.46,33.93,33.18,0.0,14.94
230,0.37501999999999996,-6.7,27.83,20.56,0.0,51.0
40,0.43506,-3.16,20.06,20.12,12.54,46.06
27,0.42360000000000003,2.81,21.35,44.23,0.0,90.08
134,0.22873,14.54,13.1,44.78,16.07,93.0
200,0.35064,15.82,32.35,45.46,0.0,38.36
327,0.14224,-9.79,9.81,15.69,0.0,49.17
267,0.18192,5.32,4.03,34.55,0.0,89.62
32,0.45335000000000003,2.52,-6.85,13.58,9.1,80.67
47,0.055850000000000004,-3.34,24.31,9.53,0.0,0.37
61,0.08848,-6.4,21.72,9.23,2.65,32.01
215,0.14355,0.13,4.22,17.11,0.0,42.18
292,0.06194,18.29,-13.74,21.5,0.0,22.97
98,0.13165000000000002,-0.3,26.95,41.55,0.0,19.96
171,0.31237000000000004,5.56,-14.43,5.99,0.0,3.78
359,0.23964,11.09,20.18,36.75,0.0,64.34
213,0.4517,0.91,33.51,26.57,0.0,26.25
34,0.41785000000000005,19.15,6.88,14.4,0.0,5.23
226,0.20382,18.87,-3.25,24.64,0.0,23.1
100,0.16674,-2.45,20.24,15.0,0.0,80.19
130,0.22086000000000003,4.92,25.86,29.8,0.0,85.15
256,0.31563,-0.97,12.32,21.69,2.58,48.31
4,0.17063,-1.45,33.35,8.22,0.0,41.61
217,0.33087,-8.89,-12.42,5.83,2.02,97.79
254,0.23424,8.29,10.24,27.33,0.0,20.06
358,0.29842,5.08,20.92,45.12,0.0,21.54
282,0.24626,-8.46,28.13,17.2,0.0,29.19
206,0.18251,-1.64,-6.04,36.65,0.0,17.28
14,0.4768,38.29,25.0,32.93,12.78,37.94
345,0.39362,11.62,12.64,46.58,0.0,91.08
41,0.11305,5.59,4.83,41.05,0.0,61.53
178,0.44081000000000004,15.31,-8.41,28.33,0.0,41.19
62,0.26933999999999997,11.98,28.26,32.85,0.0,93.44
351,0.45255,-4.72,-7.14,44.92,0.0,4.85
230,0.40993,22.04,0.49,19.98,0.0,21.03
240,0.24135,0.8,-0.5,16.34,0.0,56.59
51,0.060110000000000004,20.98,28.57,0.54,8.55,61.56
95,0.1709,22.51,18.64,41.33,0.0,3.96
221,0.29374,-2.4,24.83,40.05,0.0,40.3
230,0.33507,-6.93,-2.48,5.22,0.0,64.92
236,0.16605,29.04,16.24,28.84,0.0,69.81
142,0.11270999999999999,12.99,13.59,23.2,0.0,63.81
170,0.42572000000000004,-7.09,26.64,5.94,0.0,32.06
28,0.49298000000000003,39.74,30.3,49.03,0.0,9.35
35,0.28656,-7.11,4.65,10.73,10.12,42.71
12,0.12726,24.75,29.6,3.36,0.0,12.88
159,0.17254,39.18,16.56,29.74,0.0,94.76
326,0.058280000000000005,1.96,24.74,36.94,0.0,47.52
186,0.46143,-2.89,10.13,1.62,0.0,31.73
242,0.10299,-3.93,13.85,32.94,0.0,76.63
85,0.30943000000000004,5.16,9.63,26.61,15.25,49.79
283,0.17332,-4.95,-5.24,5.16,2.88,31.0
65,0.29938,24.61,21.12,8.63,0.0,81.2
169,0.34314,-6.89,-0.96,28.4,0.0,86.72
44,0.42338,15.47,-13.78,14.82,0.0,67.3
61,0.14289,39.83,17.27,46.92,0.0,4.7
133,0.054950000000000006,30.7,-6.14,40.94,0.0,56.63
283,0.11159999999999999,20.76,32.02,49.18,0.15,76.33
27,0.45501,5.31,32.7,12.98,0.0,13.65
107,0.44325000000000003,21.19,30.74,48.49,0.0,22.87
43,0.31883999999999996,16.35,3.51,21.56,0.0,88.25
339,0.32023,11.3,-14.23,17.38,0.0,2.01
285,0.34926999999999997,-3.46,31.42,2.52,4.66,75.27
330,0.12891999999999998,34.33,6.41,2.64,0.0,47.38
127,0.46149,12.49,33.33,34.6,0.0,44.68
347,0.23845,-0.27,33.18,22.9,0.0,0.71
230,0.22241,8.39,27.65,11.33,4.73,81.94
189,0.28351,10.71,-0.28,30.7,12.56,35.98
224,0.07113,31.38,4.25,12.64,0.0,54.08
282,0.12483,26.68,27.56,28.88,0.0,67.73
120,0.38212,28.47,0.85,17.96,0.0,70.26
115,0.08726,-9.45,-6.53,41.18,0.0,95.6
232,0.32142000000000004,10.81,12.84,41.03,0.0,53.13
258,0.16041,14.07,31.81,23.87,0.0,39.97
358,0.22518000000000002,-9.04,19.8,17.54,0.0,95.37
197,0.17991,2.99,13.5,18.13,0.0,64.21
136,0.21005000000000001,28.01,-10.14,40.29,0.0,29.82
317,0.37357,-3.14,15.75,16.41,0.0,12.65
164,0.1837,16.77,34.5,10.45,19.91,84.26
224,0.30488,0.76,-8.0,4.23,9.6,36.22
306,0.26422,-9.39,10.92,23.33,0.0,66.05
233,0.34864999999999996,2.06,28.87,24.11,0.0,47.08
171,0.47157,38.79,22.04,42.05,0.0,19.89
151,0.37966000000000005,30.08,19.85,11.06,16.02,60.17
314,0.14672,37.98,20.12,19.05,0.0,6.07
159,0.06403,14.39,2.97,40.42,0.0,41.33
95,0.16802,-4.51,-0.32,41.18,11.72,54.66
232,0.31779,17.4,25.47,19.23,0.0,43.6
179,0.07314,12.72,25.51,22.96,0.0,74.87
112,0.27336,32.22,28.35,15.16,0.0,82.79
317,0.31858,-5.1,30.66,46.63,4.92,77.12
51,0.20041,14.41,10.57,5.93,18.3,3.88
267,0.39691000000000004,-2.5,10.08,46.69,0.0,19.41
294,0.09797,6.23,24.91,34.19,19.05,53.66
112,0.08381000000000001,26.87,17.5,26.58,0.0,93.48
100,0.37768,13.8,20.1,1.63,12.63,83.5
112,0.27297000000000005,8.79,24.79,23.78,0.0,84.25
80,0.35978,9.72,29.5,20.39,2.59,30.32
186,0.24567,12.97,1.9,8.06,0.0,42.94
112,0.16088,29.25,3.78,32.82,0.0,47.07
1,0.4186,34.6,-10.3,48.56,12.46,15.74
129,0.40974,37.77,13.91,28.11,0.0,3.11
219,0.36261000000000004,29.35,-13.2,35.74,0.0,94.69
53,0.17247,5.77,8.28,3.42,0.0,24.07
342,0.31560000000000005,24.41,12.13,20.88,0.0,23.99
223,0.21244,11.88,-0.67,5.82,0.0,8.34
224,0.09121,2.73,14.54,30.64,0.0,92.85
125,0.46279000000000003,32.04,-13.47,46.92,0.0,57.97
129,0.11156999999999999,-8.08,-13.13,33.09,8.38,66.7
52,0.47761000000000003,35.09,26.13,3.84,10.35,91.16
171,0.2507,13.07,3.01,17.73,0.0,34.56
217,0.13331,21.86,-8.65,27.53,0.0,62.15
159,0.29386,22.97,11.11,20.16,0.0,3.88
197,0.44283,34.76,23.5,41.68,0.0,18.68
246,0.3795,21.83,-4.21,40.73,0.0,83.12
323,0.41295,20.7,16.14,30.59,0.0,76.68
202,0.34645,-6.67,-10.73,18.67,0.0,35.06
183,0.36152,15.92,11.06,12.77,0.0,37.68
122,0.43213999999999997,-2.49,33.8,5.29,0.0,53.36
254,0.16235,26.87,-8.72,17.74,4.91,0.02
293,0.27024000000000004,15.61,-14.15,20.66,0.0,24.12
279,0.14954,24.01,23.51,33.79,0.0,20.82
324,0.49445,-7.92,25.36,32.91,0.0,25.05
97,0.47483,-5.76,-8.99,3.51,0.0,80.59
197,0.06774,25.82,-1.72,19.76,0.0,27.97
239,0.36751,-6.4,-14.12,9.09,1.0,19.15
143,0.46636,-6.44,-0.33,7.84,1.0,50.43
96,0.13126,-9.39,23.66,41.37,1.0,86.56
200,0.30557999999999996,37.83,10.9,2.1,1.0,24.13
123,0.46197000000000005,26.88,2.4,20.96,1.0,7.85
186,0.06528,7.66,3.59,8.41,1.0,35.64
325,0.36384,4.83,-14.93,43.97,1.0,74.77
348,0.18381,7.49,-0.01,27.85,1.0,55.07
258,0.46598,28.73,17.32,11.57,1.0,81.68
147,0.48698,23.07,33.71,25.12,1.0,95.96
251,0.47492,-0.74,27.35,36.57,1.0,79.27
345,0.26339999999999997,-1.29,-13.82,47.91,1.0,60.38
146,0.43792000000000003,-5.08,29.93,11.02,1.0,49.33
147,0.43005000000000004,23.02,24.16,44.31,1.0,4.01
351,0.1936,28.22,24.02,46.72,1.0,98.43
198,0.42301,3.25,7.9,45.82,2.0,38.35
307,0.06665,-8.95,4.9,31.77,3.0,15.22
127,0.31832,-5.89,0.15,31.49,22.0,66.67
127,0.1535,38.39,-11.72,20.16,14.0,28.43
